id,first_name,last_name,email,phone_num,address,city,state,zip
1,Bartholomeo,Beamish,bbeamish0@alexa.com,253-157-1619,9 Hallows Parkway,Tacoma,Washington,98481
2,Bathsheba,Leipold,bleipold1@wikia.com,702-336-2767,79 Sunnyside Avenue,Las Vegas,Nevada,89115
3,Artur,Karleman,akarleman2@time.com,260-776-6488,42 Mariners Cove Way,Fort Wayne,Indiana,46857
4,Helsa,Mecchi,hmecchi3@sina.com.cn,404-201-4468,64 Northland Street,Atlanta,Georgia,30351
5,Kari,Brislen,kbrislen4@goo.ne.jp,602-752-1145,8217 Kipling Circle,Phoenix,Arizona,85045
6,Rosamund,Jedryka,rjedryka5@pbs.org,860-862-1959,6413 Reinke Park,Hartford,Connecticut,6105
7,Ewan,Barnardo,ebarnardo6@unc.edu,786-262-2917,55 Vahlen Park,Miami,Florida,33245
8,Eada,Scase,escase7@google.fr,914-235-3971,4 Gerald Pass,Mount Vernon,New York,10557
9,Larisa,Curgenven,lcurgenven8@stumbleupon.com,917-501-8707,16 Clemons Parkway,Flushing,New York,11355
10,Consuelo,Burnsall,cburnsall9@over-blog.com,765-111-0454,05725 Oak Park,Lafayette,Indiana,47905
11,Yanaton,Hatherell,yhatherella@shinystat.com,608-417-9664,02141 Garrison Court,Madison,Wisconsin,53790
12,Rona,Davidsohn,rdavidsohnb@slideshare.net,339-715-0468,09 Donald Pass,Woburn,Massachusetts,1813
13,Kilian,Gomme,kgommec@google.it,571-144-3696,86787 Heath Alley,Arlington,Virginia,22205
14,Adrien,Hallowes,ahallowesd@time.com,816-939-0657,96 Hoepker Crossing,Lees Summit,Missouri,64082
15,Ronda,Shorthill,rshorthille@chron.com,832-186-3921,852 Bayside Place,Houston,Texas,77090
16,Orson,McGragh,omcgraghf@surveymonkey.com,561-304-9502,51 Sachtjen Drive,West Palm Beach,Florida,33416
17,Morgen,Kuhne,mkuhneg@joomla.org,804-456-0099,4 Sunnyside Park,Richmond,Virginia,23272
18,Salvatore,Dannel,sdannelh@mapquest.com,918-742-5739,9958 Pawling Trail,Tulsa,Oklahoma,74156
19,Alford,Ornells,aornellsi@cloudflare.com,612-247-8047,6242 Green Ridge Circle,Minneapolis,Minnesota,55458
20,Reyna,Keates,rkeatesj@pinterest.com,517-946-0877,31247 Ilene Center,Lansing,Michigan,48919
21,Karla,Wace,kwacek@tuttocitta.it,618-194-8080,94377 School Alley,East Saint Louis,Illinois,62205
22,Jeralee,Peck,jpeckl@tinyurl.com,812-895-5162,9 Namekagon Court,Evansville,Indiana,47725
23,Elliott,Carbonell,ecarbonellm@foxnews.com,419-780-4567,23140 Fair Oaks Crossing,Toledo,Ohio,43656
24,Vikki,Adelberg,vadelbergn@merriam-webster.com,704-612-2915,9 Summit Street,Charlotte,North Carolina,28210
25,Wynnie,Brimfield,wbrimfieldo@disqus.com,818-755-2692,3372 Blue Bill Park Hill,Pasadena,California,91109
26,Julie,Bernard,jbernardp@webs.com,773-302-8120,70059 Florence Parkway,Chicago,Illinois,60630
27,Chaunce,Bonnell,cbonnellq@nydailynews.com,203-300-5195,73981 Petterle Court,New Haven,Connecticut,6520
28,Enoch,Brend,ebrendr@comcast.net,727-564-0495,47595 Melvin Parkway,Saint Petersburg,Florida,33737
29,Dolores,Jandourek,djandoureks@hatena.ne.jp,518-102-3629,22584 Towne Hill,Albany,New York,12227
30,Barry,Waddilove,bwaddilovet@ted.com,253-307-4218,3 Union Street,Kent,Washington,98042
31,Orrin,Genever,ogeneveru@pbs.org,202-606-6855,34 Spohn Hill,Washington,District of Columbia,20456
32,Meridith,Battershall,mbattershallv@fema.gov,502-527-7875,24675 Scoville Place,Louisville,Kentucky,40293
33,Darya,Dradey,ddradeyw@altervista.org,803-650-6895,910 Sundown Plaza,Columbia,South Carolina,29240
34,Bibi,Ruggier,bruggierx@topsy.com,952-430-3217,9 Grim Drive,Young America,Minnesota,55573
35,Beltran,Ronchi,bronchiy@opera.com,515-682-2627,0455 High Crossing Road,Des Moines,Iowa,50320
36,Kirby,Cod,kcodz@apache.org,713-710-2862,5331 Columbus Crossing,Houston,Texas,77234
37,Fraze,Finkle,ffinkle10@simplemachines.org,218-811-5616,72 Thackeray Circle,Duluth,Minnesota,55811
38,Bill,Godlonton,bgodlonton11@sfgate.com,707-531-1849,14 Warbler Place,Petaluma,California,94975
39,Claudie,Lawford,clawford12@slideshare.net,608-582-1060,35 Johnson Trail,Madison,Wisconsin,53790
40,Clareta,Tibols,ctibols13@shareasale.com,619-359-5385,38 Lakeland Place,San Diego,California,92137
41,Chrissie,Sonier,csonier14@ft.com,309-609-4783,205 Helena Point,Bloomington,Illinois,61709
42,Glynda,Shortland,gshortland15@aol.com,754-276-2389,57 Little Fleur Drive,Pompano Beach,Florida,33075
43,Claudetta,Robillard,crobillard16@paginegialle.it,812-162-4012,88863 Erie Crossing,Evansville,Indiana,47737
44,Noby,Klaessen,nklaessen17@xrea.com,913-897-0099,7 Moulton Plaza,Shawnee Mission,Kansas,66215
45,Antonella,Ruseworth,aruseworth18@networksolutions.com,502-939-0362,0 Garrison Street,Louisville,Kentucky,40215
46,Sebastien,Searjeant,ssearjeant19@disqus.com,310-398-7912,90 Marquette Junction,Inglewood,California,90310
47,Luce,Jessett,ljessett1a@oakley.com,319-844-4011,5 Goodland Park,Waterloo,Iowa,50706
48,Angelica,Fraczek,afraczek1b@diigo.com,509-244-8537,58 Quincy Crossing,Yakima,Washington,98907
49,Swen,Powney,spowney1c@imgur.com,773-267-8869,33905 Vermont Court,Chicago,Illinois,60657
50,Renault,Kneaphsey,rkneaphsey1d@flavors.me,804-792-5359,111 Debra Pass,Richmond,Virginia,23260
51,James,Brunsdon,jbrunsdon1e@blog.com,785-191-6033,37 Mesta Drive,Topeka,Kansas,66617
52,Gigi,Shipton,gshipton1f@arstechnica.com,412-261-1417,4 Sutherland Trail,Pittsburgh,Pennsylvania,15215
53,Dollie,Castellone,dcastellone1g@cpanel.net,713-452-3287,77 Karstens Court,Houston,Texas,77040
54,Marlow,Alvarez,malvarez1h@ihg.com,336-602-6006,6 Dayton Point,Greensboro,North Carolina,27499
55,Margie,Pinsent,mpinsent1i@psu.edu,513-309-6590,00450 Green Place,Cincinnati,Ohio,45243
56,Fidelity,Leader,fleader1j@ft.com,816-455-9552,05 Hagan Junction,Kansas City,Missouri,64101
57,Odelinda,Clewer,oclewer1k@theguardian.com,503-383-1929,1 Rusk Center,Portland,Oregon,97211
58,Nevil,Fryman,nfryman1l@unesco.org,605-660-1411,5 Menomonie Alley,Sioux Falls,South Dakota,57110
59,Shalom,Barkhouse,sbarkhouse1m@yahoo.com,518-519-9957,3 Maple Wood Alley,Albany,New York,12222
60,Lizabeth,Ibbett,libbett1n@sciencedirect.com,847-116-9972,9288 Kingsford Pass,Palatine,Illinois,60078
61,Buck,Fenkel,bfenkel1o@cam.ac.uk,814-662-6530,562 Bartelt Lane,Erie,Pennsylvania,16510
62,Clair,Lebell,clebell1p@addthis.com,509-497-0033,58574 Porter Circle,Spokane,Washington,99210
63,Dacey,Yurchishin,dyurchishin1q@ca.gov,302-596-7858,91 Continental Street,Wilmington,Delaware,19892
64,Mayne,Georger,mgeorger1r@addthis.com,757-758-4112,3415 Mendota Circle,Virginia Beach,Virginia,23464
65,Gawain,Mottini,gmottini1s@epa.gov,904-541-3328,54159 Hermina Alley,Jacksonville,Florida,32225
66,Marilin,Gonin,mgonin1t@oracle.com,336-754-2186,689 Annamark Pass,High Point,North Carolina,27264
67,Savina,Garric,sgarric1u@nyu.edu,704-163-7939,687 Swallow Parkway,Charlotte,North Carolina,28256
68,Yvette,Haggerty,yhaggerty1v@hibu.com,718-184-1968,0 Bellgrove Crossing,New York City,New York,10009
69,Jojo,Russ,jruss1w@zimbio.com,202-876-1852,632 Delladonna Junction,Washington,District of Columbia,20337
70,Lanie,Dacombe,ldacombe1x@nyu.edu,816-290-4558,86513 Ramsey Place,Kansas City,Missouri,64114
71,Taite,Murrigans,tmurrigans1y@acquirethisname.com,731-997-7936,405 Darwin Alley,Jackson,Tennessee,38308
72,Dorri,Filinkov,dfilinkov1z@hud.gov,757-577-9160,7 Main Junction,Norfolk,Virginia,23514
73,Tobe,Greatreax,tgreatreax20@acquirethisname.com,713-929-9326,25 Warbler Hill,Houston,Texas,77228
74,Kristin,Laugharne,klaugharne21@list-manage.com,209-989-7758,9781 Ruskin Way,Fresno,California,93704
75,Bonita,de Nore,bdenore22@skyrock.com,864-861-1624,47905 Haas Point,Greenville,South Carolina,29610
76,Daphna,Bickley,dbickley23@angelfire.com,713-565-9976,35 Crownhardt Alley,Houston,Texas,77070
77,Wash,Ogan,wogan24@tuttocitta.it,804-652-6154,30545 Butterfield Way,Richmond,Virginia,23225
78,Analiese,Sines,asines25@taobao.com,775-151-2646,0 La Follette Circle,Sparks,Nevada,89436
79,Shellie,Hover,shover26@japanpost.jp,505-696-9541,7462 Evergreen Road,Albuquerque,New Mexico,87180
80,Abagail,MacSherry,amacsherry27@symantec.com,402-207-5590,06884 Maple Street,Omaha,Nebraska,68179
81,Ives,Rickesies,irickesies28@webs.com,609-971-6317,85 Atwood Trail,Trenton,New Jersey,8603
82,Miltie,Siddele,msiddele29@gravatar.com,901-511-2406,425 Bowman Crossing,Memphis,Tennessee,38150
83,Thorin,Spring,tspring2a@google.cn,773-419-7048,8 Fordem Hill,Chicago,Illinois,60619
84,Sidney,Kimmel,skimmel2b@newsvine.com,817-303-7823,4666 8th Parkway,Fort Worth,Texas,76129
85,Gaye,Simonetti,gsimonetti2c@360.cn,713-848-7379,10 Haas Point,Houston,Texas,77234
86,Neda,Collop,ncollop2d@theguardian.com,713-175-6528,6 Merry Pass,Houston,Texas,77228
87,Krishna,Sibthorp,ksibthorp2e@baidu.com,432-494-9207,0 Schlimgen Lane,Odessa,Texas,79769
88,Lurline,Marshal,lmarshal2f@youku.com,949-717-2408,1809 Derek Way,Orange,California,92867
89,Emilio,Zwicker,ezwicker2g@tumblr.com,212-536-0855,473 Union Circle,New York City,New York,10170
90,Ailbert,Stidson,astidson2h@imgur.com,408-345-2863,758 Gina Plaza,San Jose,California,95123
91,Estevan,Pittaway,epittaway2i@fc2.com,248-722-1439,23 Glendale Place,Farmington,Michigan,48335
92,Raimundo,Allder,rallder2j@naver.com,913-391-8473,1432 Golf Junction,Shawnee Mission,Kansas,66215
93,Evangelin,Glenfield,eglenfield2k@webnode.com,202-206-8975,576 Village Hill,Washington,District of Columbia,20409
94,Jobi,Tatam,jtatam2l@noaa.gov,812-944-4479,9704 Florence Point,Evansville,Indiana,47737
95,Kit,Westraw,kwestraw2m@google.co.jp,915-544-8976,85 Brentwood Terrace,El Paso,Texas,88579
96,Myrwyn,Schall,mschall2n@delicious.com,215-917-9774,40 8th Road,Philadelphia,Pennsylvania,19141
97,Leisha,Spurden,lspurden2o@google.ru,305-551-8594,66 Monument Crossing,Homestead,Florida,33034
98,Mahala,Rycroft,mrycroft2p@purevolume.com,919-832-1613,8 Jana Terrace,Raleigh,North Carolina,27615
99,Ettie,Mallows,emallows2q@discuz.net,920-482-1372,6641 Barby Lane,Green Bay,Wisconsin,54305
100,Dawna,Anstice,danstice2r@moonfruit.com,425-364-7701,07378 Kropf Alley,Seattle,Washington,98133
101,Alvira,Poxton,apoxton2s@washingtonpost.com,515-977-2028,70925 Duke Crossing,Des Moines,Iowa,50310
102,Reamonn,Easton,reaston2t@fda.gov,610-745-8330,57579 School Way,Reading,Pennsylvania,19605
103,Evelyn,McNulty,emcnulty2u@bravesites.com,810-468-8243,22 Westport Lane,Flint,Michigan,48550
104,Nye,Markwell,nmarkwell2v@admin.ch,240-942-9202,70089 Monica Avenue,Bethesda,Maryland,20816
105,Leopold,Josey,ljosey2w@elegantthemes.com,202-995-8471,4781 Crescent Oaks Trail,Washington,District of Columbia,20268
106,Rolfe,Penman,rpenman2x@chron.com,320-203-1918,80 Division Pass,Saint Cloud,Minnesota,56372
107,Eugenia,Cholomin,echolomin2y@berkeley.edu,928-762-1034,3546 Sachs Drive,Prescott,Arizona,86305
108,Sollie,Runciman,srunciman2z@mapquest.com,304-234-7571,83566 Bluestem Pass,Huntington,West Virginia,25775
109,Garwood,Gabbott,ggabbott30@pinterest.com,203-422-6295,8528 Mcbride Road,Norwalk,Connecticut,6859
110,Reese,Jahnig,rjahnig31@smugmug.com,208-750-9835,23 Eliot Point,Boise,Idaho,83716
111,Babb,Van Waadenburg,bvanwaadenburg32@census.gov,619-776-7386,64 6th Place,Santa Ana,California,92705
112,Aleece,Quibell,aquibell33@nsw.gov.au,310-900-2030,08774 Rowland Trail,Santa Ana,California,92705
113,Jeremy,Leaton,jleaton34@chronoengine.com,606-988-5386,8339 Hazelcrest Place,London,Kentucky,40745
114,Pennie,Twinterman,ptwinterman35@php.net,253-921-9321,7 Stoughton Pass,Tacoma,Washington,98442
115,Matilda,Franseco,mfranseco36@berkeley.edu,843-575-5575,077 Riverside Avenue,Charleston,South Carolina,29424
116,Randie,Rowsel,rrowsel37@apache.org,773-953-3749,95 Derek Plaza,Chicago,Illinois,60619
117,Ivette,Shucksmith,ishucksmith38@ning.com,901-492-0768,0385 Claremont Trail,Memphis,Tennessee,38131
118,Caspar,Troup,ctroup39@phoca.cz,810-901-0141,94 Porter Avenue,Warren,Michigan,48092
119,Eddie,Ivankin,eivankin3a@hp.com,602-688-9389,31764 Brentwood Junction,Phoenix,Arizona,85099
120,Lynda,Fifield,lfifield3b@vinaora.com,317-728-3313,368 American Ash Hill,Indianapolis,Indiana,46247
121,Greg,McClary,gmcclary3c@jimdo.com,954-204-2609,474 Harbort Plaza,Fort Lauderdale,Florida,33330
122,Udell,Halpine,uhalpine3d@amazon.de,601-484-8828,81417 Bunker Hill Park,Jackson,Mississippi,39216
123,Kial,Vaugham,kvaugham3e@dyndns.org,714-665-1616,820 Dryden Junction,Anaheim,California,92812
124,Joly,Haizelden,jhaizelden3f@vk.com,360-545-8762,06223 Katie Center,Olympia,Washington,98516
125,Wyndham,Ewbanke,wewbanke3g@drupal.org,518-667-5258,19 Buell Way,Albany,New York,12242
126,Mikol,Bowart,mbowart3h@artisteer.com,202-272-0066,407 Hanover Avenue,Washington,District of Columbia,20057
127,Fae,Ricart,fricart3i@princeton.edu,917-729-9919,1 Sundown Road,Jamaica,New York,11480
128,Klarrisa,MacNulty,kmacnulty3j@themeforest.net,501-109-1218,8 Thackeray Hill,Little Rock,Arkansas,72209
129,Cornall,Doles,cdoles3k@yale.edu,602-649-5174,092 Summer Ridge Lane,Phoenix,Arizona,85083
130,Bryanty,Beadle,bbeadle3l@intel.com,408-185-2224,132 Pawling Drive,San Jose,California,95108
131,Dolli,Turvey,dturvey3m@bravesites.com,269-690-9454,6 Johnson Junction,Kalamazoo,Michigan,49006
132,Wilt,Kuhnel,wkuhnel3n@twitpic.com,512-402-1898,20 Randy Pass,Austin,Texas,78764
133,Hasty,McGillicuddy,hmcgillicuddy3o@dedecms.com,337-204-7654,29367 Clyde Gallagher Crossing,Lafayette,Louisiana,70593
134,Aubrey,Gulliman,agulliman3p@histats.com,636-884-1649,4205 Evergreen Plaza,Saint Louis,Missouri,63131
135,Jory,Winser,jwinser3q@wufoo.com,864-294-0664,8637 2nd Pass,Spartanburg,South Carolina,29305
136,Rabi,McDell,rmcdell3r@flavors.me,623-961-4866,14 Coleman Center,Glendale,Arizona,85305
137,Larina,Behrend,lbehrend3s@freewebs.com,972-521-1357,0 Upham Terrace,Dallas,Texas,75246
138,Petey,Hagger,phagger3t@howstuffworks.com,515-752-2580,816 Paget Place,Des Moines,Iowa,50330
139,Audy,Nann,anann3u@auda.org.au,260-608-7181,5443 Charing Cross Alley,Fort Wayne,Indiana,46857
140,Shelli,Yoxen,syoxen3v@storify.com,954-666-4284,6944 Carpenter Road,Boca Raton,Florida,33432
141,Jerald,Baldery,jbaldery3w@gizmodo.com,309-700-6991,903 Veith Way,Carol Stream,Illinois,60158
142,Susanetta,Rebbeck,srebbeck3x@e-recht24.de,863-147-2697,4 Menomonie Court,Lakeland,Florida,33811
143,Jennine,Ziem,jziem3y@bravesites.com,816-317-1510,722 Arkansas Junction,Kansas City,Missouri,64193
144,Jared,Brough,jbrough3z@auda.org.au,559-923-1635,56 Acker Junction,Fullerton,California,92640
145,Curtice,Beers,cbeers40@4shared.com,626-972-4263,924 Warrior Terrace,Burbank,California,91505
146,Rob,Garioch,rgarioch41@123-reg.co.uk,919-615-1008,3 Dahle Plaza,Raleigh,North Carolina,27610
147,Lettie,Pittle,lpittle42@weebly.com,202-489-0162,5 Magdeline Road,Washington,District of Columbia,20442
148,Barbee,Battelle,bbattelle43@ucoz.ru,702-656-6095,5 Lakewood Gardens Avenue,Henderson,Nevada,89074
149,Enid,Wardley,ewardley44@gravatar.com,860-228-3932,41405 Moland Crossing,Hartford,Connecticut,6183
150,La verne,Bartlomiejczyk,lbartlomiejczyk45@github.io,513-246-5982,5 Anhalt Circle,Cincinnati,Ohio,45254
